{
    "initial_equity": 10000.0,
    "final_equity": 9983.936462532452,
    "total_return_pct": -0.1606353746754774,
    "annualized_return_pct": -0.1272054764446917,
    "trading_days": 461,
    "trading_months": 15.366666666666667,
    "annualized_volatility_pct": 0.12450104478509746,
    "sharpe_ratio": -1.0217221603582718,
    "sortino_ratio": -1.3147800331819386,
    "max_drawdown_pct": -0.16063537467547576,
    "max_drawdown_duration": 364,
    "calmar_ratio": -0.7918895616963515,
    "risk_free_rate_pct": 0.0,
    "total_trades": 11837,
    "winning_trades": 0,
    "losing_trades": 0,
    "win_rate_pct": 0.0,
    "total_pnl": 0.0,
    "average_pnl": 0.0,
    "average_win": 0,
    "average_loss": 0,
    "profit_factor": Infinity,
    "expected_payoff": 0.0,
    "max_win_streak": 0,
    "max_loss_streak": 11837
}