{
    "initial_equity": 10000.0,
    "final_equity": 9998.650998575604,
    "total_return_pct": -0.013490014243966453,
    "annualized_return_pct": -0.01082180416602796,
    "trading_days": 455,
    "trading_months": 15.166666666666666,
    "annualized_volatility_pct": 0.14264649906224786,
    "sharpe_ratio": -0.07586449185342824,
    "sortino_ratio": -0.10654769520808685,
    "max_drawdown_pct": -0.013881254983463757,
    "max_drawdown_duration": 448,
    "calmar_ratio": -0.779598399346427,
    "risk_free_rate_pct": 0.0,
    "total_trades": 89,
    "winning_trades": 0,
    "losing_trades": 0,
    "win_rate_pct": 0.0,
    "total_pnl": 0.0,
    "average_pnl": 0.0,
    "average_win": 0,
    "average_loss": 0,
    "profit_factor": Infinity,
    "expected_payoff": 0.0,
    "max_win_streak": 0,
    "max_loss_streak": 89
}