{
    "initial_equity": 10000.0,
    "final_equity": 9998.07838333679,
    "total_return_pct": -0.01921616663210779,
    "annualized_return_pct": -0.01467376599323389,
    "trading_days": 478,
    "trading_months": 15.933333333333334,
    "annualized_volatility_pct": 0.01687697328547845,
    "sharpe_ratio": -0.8694548332229525,
    "sortino_ratio": -0.8397530711390678,
    "max_drawdown_pct": -0.019298308683209475,
    "max_drawdown_duration": 472,
    "calmar_ratio": -0.760365389221949,
    "risk_free_rate_pct": 0.0,
    "total_trades": 515,
    "winning_trades": 0,
    "losing_trades": 0,
    "win_rate_pct": 0.0,
    "total_pnl": 0.0,
    "average_pnl": 0.0,
    "average_win": 0,
    "average_loss": 0,
    "profit_factor": Infinity,
    "expected_payoff": 0.0,
    "max_win_streak": 0,
    "max_loss_streak": 515
}