{
    "initial_equity": 10000.0,
    "final_equity": 9997.963299774581,
    "total_return_pct": -0.02036700225418464,
    "annualized_return_pct": -0.01609115753425927,
    "trading_days": 462,
    "trading_months": 15.4,
    "annualized_volatility_pct": 0.018802206330839056,
    "sharpe_ratio": -0.8558121983730618,
    "sortino_ratio": -0.8290166369291251,
    "max_drawdown_pct": -0.02045298255417947,
    "max_drawdown_duration": 363,
    "calmar_ratio": -0.7867389262976279,
    "risk_free_rate_pct": 0.0,
    "total_trades": 581,
    "winning_trades": 0,
    "losing_trades": 0,
    "win_rate_pct": 0.0,
    "total_pnl": 0.0,
    "average_pnl": 0.0,
    "average_win": 0,
    "average_loss": 0,
    "profit_factor": Infinity,
    "expected_payoff": 0.0,
    "max_win_streak": 0,
    "max_loss_streak": 581
}