{
    "initial_equity": 10000.0,
    "final_equity": 9998.085223336788,
    "total_return_pct": -0.019147766632121588,
    "annualized_return_pct": -0.014621533498981876,
    "trading_days": 478,
    "trading_months": 15.933333333333334,
    "annualized_volatility_pct": 0.016875929375143827,
    "sharpe_ratio": -0.866413527453937,
    "sortino_ratio": -0.8413857184579944,
    "max_drawdown_pct": -0.01928976458765748,
    "max_drawdown_duration": 472,
    "calmar_ratio": -0.7579943981450887,
    "risk_free_rate_pct": 0.0,
    "total_trades": 515,
    "winning_trades": 0,
    "losing_trades": 0,
    "win_rate_pct": 0.0,
    "total_pnl": 0.0,
    "average_pnl": 0.0,
    "average_win": 0,
    "average_loss": 0,
    "profit_factor": Infinity,
    "expected_payoff": 0.0,
    "max_win_streak": 0,
    "max_loss_streak": 515
}