fold,mse,mae,r2,train_samples,test_samples
1,1.2377977920221614,0.7692211352140189,-0.5153231468357204,12452,12448
2,0.8034205888117872,0.5606626447232506,-0.050247331008906215,24900,12448
3,1.3667931245533074,0.861911742549155,-0.5379206169098691,37348,12448
4,1.0290060750043126,0.6562575407576494,-0.03589969314041386,49796,12448
5,1.4761933447276074,0.8079196404866377,-0.03209231329977125,62244,12448
