{
    "initial_equity": 10000.0,
    "final_equity": 9998.085223336788,
    "total_return_pct": -0.019147766632121588,
    "annualized_return_pct": -0.01459101060392598,
    "trading_days": 479,
    "trading_months": 15.966666666666667,
    "annualized_volatility_pct": 0.016875929375143827,
    "sharpe_ratio": -0.8646048629130167,
    "sortino_ratio": -0.839629300228141,
    "max_drawdown_pct": -0.01928976458765748,
    "max_drawdown_duration": 473,
    "calmar_ratio": -0.756412061827961,
    "risk_free_rate_pct": 0.0,
    "total_trades": 515,
    "winning_trades": 0,
    "losing_trades": 0,
    "win_rate_pct": 0.0,
    "total_pnl": 0.0,
    "average_pnl": 0.0,
    "average_win": 0,
    "average_loss": 0,
    "profit_factor": Infinity,
    "expected_payoff": 0.0,
    "max_win_streak": 0,
    "max_loss_streak": 515
}