fold,mse,mae,r2,train_samples,test_samples
1,1.25626262113223,0.7727201699112963,-0.5379279560648131,12452,12448
2,0.8023989274722259,0.5603133820116818,-0.048911795039313644,24900,12448
3,1.3060527477708246,0.8354773234613633,-0.46957532305774863,37348,12448
4,1.0299732500501904,0.658544882822303,-0.03687334757995009,49796,12448
5,1.4764920796861074,0.8076236376564557,-0.032301176221070094,62244,12448
