fold,mse,mae,r2,train_samples,test_samples
1,0.9687043121846259,0.7929755727004304,-0.058966052966119786,136,133
2,2.425613508778232,1.235062917795553,-0.3990852996152523,269,133
3,1.2067407203837124,0.7983039664474264,-0.10277548966713113,402,133
4,1.3758903706016878,0.8480146634215867,-0.11537998098141955,535,133
5,0.4349176800638587,0.49981215113096095,-0.13058143823716373,668,133
