fold,mse,mae,r2,train_samples,test_samples
1,1.412077283530757,0.8245144372783182,-0.6995567604143216,12422,12420
2,0.7837745433352674,0.5569640962550132,-0.055980548219472626,24842,12420
3,1.4317421820100031,0.8933552887595272,-0.600866660113119,37262,12420
4,1.1993158126777572,0.7615165497790221,-0.1916823202095823,49682,12420
5,1.4677819363679263,0.8046790309742581,-0.03228339725446849,62102,12420
