{
    "initial_equity": 10000.0,
    "final_equity": 9998.710118359999,
    "total_return_pct": -0.012898816400008783,
    "annualized_return_pct": -0.010439303524967247,
    "trading_days": 451,
    "trading_months": 15.033333333333333,
    "annualized_volatility_pct": 0.011508407815124678,
    "sharpe_ratio": -0.9071023283731409,
    "sortino_ratio": -0.6355534288300974,
    "max_drawdown_pct": -0.013016594399996393,
    "max_drawdown_duration": 0,
    "calmar_ratio": -0.8019996017522172,
    "risk_free_rate_pct": 0.0,
    "total_trades": 1,
    "winning_trades": 0,
    "losing_trades": 0,
    "win_rate_pct": 0.0,
    "total_pnl": 0.0,
    "average_pnl": 0.0,
    "average_win": 0,
    "average_loss": 0,
    "profit_factor": Infinity,
    "expected_payoff": 0.0,
    "max_win_streak": 0,
    "max_loss_streak": 1
}