{
    "initial_equity": 10000.0,
    "final_equity": 9998.085223336788,
    "total_return_pct": -0.019147766632121588,
    "annualized_return_pct": -0.014440287907013794,
    "trading_days": 484,
    "trading_months": 16.133333333333333,
    "annualized_volatility_pct": 0.016875929375143827,
    "sharpe_ratio": -0.8556736394193831,
    "sortino_ratio": -0.8309560701159768,
    "max_drawdown_pct": -0.01928976458765748,
    "max_drawdown_duration": 478,
    "calmar_ratio": -0.7485984518573848,
    "risk_free_rate_pct": 0.0,
    "total_trades": 515,
    "winning_trades": 0,
    "losing_trades": 0,
    "win_rate_pct": 0.0,
    "total_pnl": 0.0,
    "average_pnl": 0.0,
    "average_win": 0,
    "average_loss": 0,
    "profit_factor": Infinity,
    "expected_payoff": 0.0,
    "max_win_streak": 0,
    "max_loss_streak": 515
}