{
    "initial_equity": 10000.0,
    "final_equity": 9996.366876120961,
    "total_return_pct": -0.03633123879038802,
    "annualized_return_pct": -0.02927454787003958,
    "trading_days": 453,
    "trading_months": 15.1,
    "annualized_volatility_pct": 0.04260740830336648,
    "sharpe_ratio": -0.6870764741568792,
    "sortino_ratio": -0.6480222544284706,
    "max_drawdown_pct": -0.041785928613116995,
    "max_drawdown_duration": 0,
    "calmar_ratio": -0.7005838769573264,
    "risk_free_rate_pct": 0.0,
    "total_trades": 1,
    "winning_trades": 0,
    "losing_trades": 0,
    "win_rate_pct": 0,
    "error": "Missing required columns for trade metrics calculation"
}