{
    "initial_equity": 10000.0,
    "final_equity": 9996.336338005452,
    "total_return_pct": -0.036636619945473736,
    "annualized_return_pct": -0.029455609155326634,
    "trading_days": 454,
    "trading_months": 15.133333333333333,
    "annualized_volatility_pct": 0.30023088745744625,
    "sharpe_ratio": -0.09810985606702967,
    "sortino_ratio": -0.1317446486831445,
    "max_drawdown_pct": -0.055470193971741535,
    "max_drawdown_duration": 362,
    "calmar_ratio": -0.5310168767452365,
    "risk_free_rate_pct": 0.0,
    "total_trades": 127,
    "winning_trades": 0,
    "losing_trades": 0,
    "win_rate_pct": 0.0,
    "total_pnl": 0.0,
    "average_pnl": 0.0,
    "average_win": 0,
    "average_loss": 0,
    "profit_factor": Infinity,
    "expected_payoff": 0.0,
    "max_win_streak": 0,
    "max_loss_streak": 127
}