{
    "initial_equity": 10000.0,
    "final_equity": 9998.73862633,
    "total_return_pct": -0.012613736700006761,
    "annualized_return_pct": -0.010118838096795368,
    "trading_days": 455,
    "trading_months": 15.166666666666666,
    "annualized_volatility_pct": 0.16761257760889037,
    "sharpe_ratio": -0.06037039845784612,
    "sortino_ratio": -0.0875016407729643,
    "max_drawdown_pct": -0.012674826395626945,
    "max_drawdown_duration": 0,
    "calmar_ratio": -0.7983413563981089,
    "risk_free_rate_pct": 0.0,
    "total_trades": 3,
    "winning_trades": 0,
    "losing_trades": 0,
    "win_rate_pct": 0.0,
    "total_pnl": 0.0,
    "average_pnl": 0.0,
    "average_win": 0,
    "average_loss": 0,
    "profit_factor": Infinity,
    "expected_payoff": 0.0,
    "max_win_streak": 0,
    "max_loss_streak": 3
}