{
    "initial_equity": 10000.0,
    "final_equity": 9998.647529467793,
    "total_return_pct": -0.013524705322065511,
    "annualized_return_pct": -0.010873530589194935,
    "trading_days": 454,
    "trading_months": 15.133333333333333,
    "annualized_volatility_pct": 0.13975748291522666,
    "sharpe_ratio": -0.07780285078395797,
    "sortino_ratio": -0.10745735903628743,
    "max_drawdown_pct": -0.014287493286638026,
    "max_drawdown_duration": 439,
    "calmar_ratio": -0.7610523673431292,
    "risk_free_rate_pct": 0.0,
    "total_trades": 127,
    "winning_trades": 0,
    "losing_trades": 0,
    "win_rate_pct": 0.0,
    "total_pnl": 0.0,
    "average_pnl": 0.0,
    "average_win": 0,
    "average_loss": 0,
    "profit_factor": Infinity,
    "expected_payoff": 0.0,
    "max_win_streak": 0,
    "max_loss_streak": 127
}