{
    "initial_equity": 10000.0,
    "final_equity": 9998.337949711206,
    "total_return_pct": -0.016620502887942923,
    "annualized_return_pct": -0.013131145906442043,
    "trading_days": 462,
    "trading_months": 15.4,
    "annualized_volatility_pct": 0.020670522080048954,
    "sharpe_ratio": -0.6352595186319041,
    "sortino_ratio": -0.6136618337191042,
    "max_drawdown_pct": -0.016860986686834726,
    "max_drawdown_duration": 456,
    "calmar_ratio": -0.778788700230397,
    "risk_free_rate_pct": 0.0,
    "total_trades": 369,
    "winning_trades": 0,
    "losing_trades": 0,
    "win_rate_pct": 0.0,
    "total_pnl": 0.0,
    "average_pnl": 0.0,
    "average_win": 0,
    "average_loss": 0,
    "profit_factor": Infinity,
    "expected_payoff": 0.0,
    "max_win_streak": 0,
    "max_loss_streak": 369
}